Year,Anomaly
185001,-1.04
185002,0.49
185003,0.13
185004,-1.8
185005,-2.02
185006,-0.86
185007,-0.78
185008,-1.73
185009,-1.47
185010,-3.08
185011,-2.07
185012,-2.23
185101,-1.2
185102,-1.08
185103,0.39
185104,-2.48
185105,-0.68
185106,0.13
185107,-1.96
185108,-0.79
185109,-1.03
185110,-1.94
185111,-3.88
185112,-1.96
185201,-1.07
185202,-0.64
185203,0.35
185204,-1.05
185205,-1.9
185206,-0.46
185207,-0.38
185208,-0.41
185209,-1.62
185210,-2
185211,-2
185212,-1.18
185301,-2.31
185302,-1.83
185303,-0.25
185304,-1.89
185305,-1.07
185306,-0.22
185307,-1.3
185308,-0.35
185309,-2.14
185310,-1.66
185311,-3.88
185312,-2.72
185401,-2.36
185402,-0.39
185403,0.18
185404,-2.28
185405,-1.92
185406,-1.7
185407,-1.2
185408,-1.47
185409,-1.82
185410,-2.05
185411,-1.76
185412,-1.45
185501,-1.89
185502,-0.88
185503,0.23
185504,-3.22
185505,-1.9
185506,-1.31
185507,-0.67
185508,-0.33
185509,-1.84
185510,-2.53
185511,-3.55
185512,-2.06
185601,-0.89
185602,-0.84
185603,1.21
185604,-2.7
185605,-1.19
185606,-0.34
185607,0.59
185608,-0.25
185609,-1.99
185610,-1.85
185611,-1.88
185612,-0.94
185701,-0.92
185702,-1.4
185703,0.1
185704,-2.75
185705,-0.01
185706,-0.26
185707,-0.1
185708,0.18
185709,-0.29
185710,-2.45
185711,-2.51
185712,-3.07
185801,-1.06
185802,0.05
185803,0.45
185804,-2.61
185805,-1.94
185806,0.13
185807,-0.55
185808,-0.23
185809,-1.81
185810,-2.41
185811,-2.9
185812,-2.03
185901,-2.06
185902,-1.69
185903,-0.3
185904,-2.86
185905,-1.66
185906,-0.5
185907,-0.66
185908,-0.74
185909,-0.38
185910,-1.87
185911,-2.9
185912,-3.37
186001,-0.26
186002,-1.07
186003,-0.05
186004,-2.81
186005,-1.06
186006,-0.35
186007,0.09
186008,-0.96
186009,-1.91
186010,-1.15
186011,-1.78
186012,-1.58
186101,-0.68
186102,-1.62
186103,-0.67
186104,-2.76
186105,-1.8
186106,-1.78
186107,-1.14
186108,-1.58
186109,-2.26
186110,-2.29
186111,-2.13
186112,-1.91
186201,0.44
186202,-0.73
186203,0.32
186204,-2.6
186205,-1.33
186206,-0.25
186207,-0.99
186208,-1.15
186209,-2.78
186210,-3.61
186211,-3.13
186212,-1.9
186301,-3.02
186302,-3.11
186303,-0.68
186304,-3.24
186305,-2.13
186306,-0.75
186307,-0.97
186308,-1.03
186309,-2.75
186310,-2.05
186311,-3.29
186312,-2.48
186401,-1.71
186402,-1.98
186403,0.19
186404,-1.1
186405,-0.4
186406,-0.21
186407,-0.37
186408,-0.27
186409,-1.16
186410,-1.37
186411,-2.24
186412,-2.09
186501,-1.11
186502,0.09
186503,0.98
186504,-2.49
186505,-1.86
186506,-0.53
186507,-1.06
186508,-0.24
186509,-0.9
186510,-1.62
186511,-2.61
186512,-3.23
186601,-2.13
186602,-0.74
186603,-0.52
186604,-2.44
186605,-0.87
186606,-0.77
186607,-1.02
186608,-0.47
186609,-1.92
186610,-1.44
186611,-2.9
186612,-2
186701,-1.43
186702,-1.13
186703,0.6
186704,-2.2
186705,-0.59
186706,-0.41
186707,-0.82
186708,-0.46
186709,-1.75
186710,-1.92
186711,-1.11
186712,-1.39
186801,-0.47
186802,-0.63
186803,0.29
186804,-3.01
186805,-1.9
186806,-1.04
186807,-0.9
186808,-0.85
186809,-1.53
186810,-0.85
186811,-1.97
186812,-1.5
186901,-0.14
186902,-2.1
186903,-0.25
186904,-3.14
186905,-1.69
186906,0.44
186907,-0.92
186908,0.25
186909,-1.54
186910,-1.76
186911,-2.85
186912,-2.31
187001,-0.91
187002,-0.2
187003,0.94
187004,-2.91
187005,-1.06
187006,-1.39
187007,-1.39
187008,0.26
187009,-1.27
187010,-2.04
187011,-2.29
187012,-0.85
187101,-1.79
187102,-0.51
187103,-0.71
187104,-2.28
187105,-0.4
187106,-0.24
187107,-1.39
187108,-0.64
187109,-1.37
187110,-2.06
187111,-3.38
187112,-0.37
187201,-0.26
187202,-1.12
187203,0.47
187204,-1.41
187205,-1.4
187206,-0.3
187207,-0.51
187208,-0.34
187209,-1.04
187210,-2.22
187211,-2.36
187212,-1.84
187301,0.13
187302,-0.59
187303,0.07
187304,-1.03
187305,0.03
187306,-0.41
187307,-0.99
187308,-1.08
187309,-1.66
187310,-1.96
187311,-2.45
187312,-1.53
187401,-1.38
187402,-1.05
187403,-0.89
187404,-3
187405,-0.25
187406,-1.29
187407,-1.38
187408,-1.48
187409,-2.23
187410,-1.96
187411,-1.23
187412,-1.43
187501,-0.64
187502,-1.98
187503,-1.09
187504,-1.56
187505,-2.05
187506,-2.36
187507,-2.06
187508,-0.77
187509,-1
187510,-1.73
187511,-1.84
187512,-0.92
187601,-1.53
187602,-1.58
187603,-0.17
187604,-1.81
187605,0.04
187606,-0.07
187607,-1.57
187608,-0.43
187609,-0.99
187610,-2.63
187611,-2.46
187612,-1.16
187701,-1.56
187702,-1.05
187703,0.22
187704,-1.26
187705,-1.38
187706,-0.93
187707,-0.33
187708,-0.14
187709,-1.44
187710,-0.96
187711,-2.24
187712,-0.68
187801,0.38
187802,-0.86
187803,-0.58
187804,-1.74
187805,-1.6
187806,-0.03
187807,-0.53
187808,-0.12
187809,-2
187810,-2.04
187811,-1.51
187812,-0.8
187901,-1.53
187902,-1.17
187903,-0.45
187904,-1.49
187905,-1.61
187906,-0.9
187907,-0.11
187908,-0.68
187909,-1.51
187910,-1.38
187911,-1.8
187912,-1.84
188001,-0.07
188002,1.28
188003,0.39
188004,-1.57
188005,-1.14
188006,-0.06
188007,-0.65
188008,-0.3
188009,-1
188010,-2.04
188011,-3.22
188012,-2.23
188101,-1.36
188102,-1.45
188103,-0.15
188104,-2.06
188105,-0.97
188106,0.27
188107,-0.87
188108,-1
188109,-1.41
188110,-1.67
188111,-2.24
188112,-0.83
188201,-1.31
188202,-0.96
188203,0.34
188204,-2.3
188205,-0.91
188206,0.19
188207,-0.71
188208,-0.59
188209,-1.67
188210,-1.27
188211,-1.27
188212,-1.34
188301,0.4
188302,1.22
188303,-0.22
188304,-2.27
188305,-1.48
188306,-1.16
188307,-1.2
188308,-0.96
188309,-1.01
188310,-1.36
188311,-1.71
188312,-1.47
188401,-0.65
188402,-0.89
188403,0.83
188404,-1.25
188405,0.03
188406,0.02
188407,0.26
188408,0.25
188409,-0.72
188410,-0.46
188411,-0.37
188412,-0.47
188501,1.79
188502,-0.01
188503,-0.09
188504,-1.26
188505,-0.39
188506,-0.02
188507,0.78
188508,-1.11
188509,-1.83
188510,-1.92
188511,-2.31
188512,-0.76
188601,0.49
188602,0.11
188603,0.27
188604,-1.94
188605,-0.8
188606,-0.12
188607,-1.35
188608,-0.99
188609,-1.33
188610,-2.32
188611,-2.71
188612,-1.78
188701,-0.21
188702,0.11
188703,0.27
188704,-1.98
188705,-0.21
188706,0.71
188707,-0.81
188708,-0.36
188709,-1.6
188710,-1.52
188711,-1.94
188712,-0.2
188801,-0.3
188802,-0.47
188803,-0.15
188804,-1.69
188805,-1.21
188806,0.13
188807,-1.21
188808,-0.74
188809,-0.48
188810,-1.4
188811,-2.05
188812,-0.38
188901,1.76
188902,-1.33
188903,0.53
188904,-1.95
188905,-0.64
188906,-0.96
188907,-1.59
188908,-1.18
188909,-2.03
188910,-1.68
188911,-2.35
188912,0.09
189001,1.55
189002,-0.3
189003,-0.1
189004,-3.14
189005,-2
189006,-0.41
189007,-1.4
189008,-1.73
189009,-2.45
189010,-2.2
189011,-2.29
189012,0.01
189101,0.74
189102,1.29
189103,-0.11
189104,-1.44
189105,-0.79
189106,-0.39
189107,-0.68
189108,-0.62
189109,-1.83
189110,-1.6
189111,-2.58
189112,-1.7
189201,-0.74
189202,-1.67
189203,-0.09
189204,-2.15
189205,-1.84
189206,-3.43
189207,-0.22
189208,-0.24
189209,-1.77
189210,-1.81
189211,-3.02
189212,-5.52
189301,1.06
189302,0.38
189303,0.98
189304,-1.33
189305,-0.86
189306,-0.32
189307,-0.35
189308,-1.38
189309,-5.49
189310,0
189311,-3.54
189312,-1.7
189401,1.69
189402,-0.43
189403,-1.37
189404,-2.28
189405,-1.16
189406,1.66
189407,-2.93
189408,0.13
189409,-3.44
189410,-2.57
189411,-1.29
189412,-0.58
189501,0.32
189502,-1.43
189503,-3.01
189504,-2.64
189505,-1.55
189506,-1.32
189507,-1.54
189508,-0.84
189509,-0.34
189510,-1.45
189511,-1.1
189512,1.94
189601,-0.09
189602,-0.95
189603,-0.06
189604,-0.75
189605,-1.61
189606,-1.22
189607,-0.38
189608,0.62
189609,1.2
189610,-3.6
189611,-1.59
189612,-1.34
189701,0.44
189702,0.07
189703,0.45
189704,0.63
189705,-0.44
189706,-2.91
189707,-2.86
189708,-0.6
189709,-0.86
189710,0.87
189711,-3.45
189712,-3.86
189801,0.07
189802,-0.25
189803,1.87
189804,-0.92
189805,-1.61
189806,0.12
189807,-0.71
189808,0.33
189809,-0.8
189810,-0.75
189811,0.52
189812,-1.77
189901,0.7
189902,2.35
189903,-2.69
189904,-3.34
189905,-0.79
189906,0.07
189907,-0.47
189908,-0.4
189909,-0.03
189910,-4.39
189911,-7.3
189912,-5.18
190001,5.83
190002,-4.32
190003,-1.86
190004,-1.39
190005,-3.81
190006,-1.4
190007,-2.68
190008,-1.05
190009,-2.81
190010,-1.86
190011,-2.54
190012,-5.78
190101,2.21
190102,-1.15
190103,-1.77
190104,-0.29
190105,-1.35
190106,1.15
190107,-0.56
190108,-0.46
190109,-0.07
190110,-1.59
190111,-5.12
190112,-5.8
190201,-2.46
190202,-0.47
190203,-0.81
190204,-0.33
190205,-1.36
190206,-2.87
190207,-2.88
190208,-0.3
190209,-1.07
190210,-1.31
190211,0.96
190212,4.18
190301,3.43
190302,2.42
190303,3.76
190304,-0.18
190305,1.26
190306,-0.32
190307,-1.84
190308,-0.16
190309,-2.64
190310,-3.36
190311,-3.08
190312,-2.05
190401,1.67
190402,1.71
190403,-0.46
190404,-2.75
190405,0.37
190406,2.32
190407,1.31
190408,0.8
190409,-0.49
190410,0.25
190411,-8.77
190412,-5.46
190501,-2.26
190502,2.55
190503,-4
190504,-3.58
190505,-1.85
190506,-1.65
190507,-1.7
190508,-0.42
190509,-0.76
190510,-0.18
190511,-3.07
190512,0.43
190601,1.26
190602,0.02
190603,-1.14
190604,-4.22
190605,-3.61
190606,-4.75
190607,-2.03
190608,-3.49
190609,-4.08
190610,-2.28
190611,-3.18
190612,-6.71
190701,2.8
190702,3.44
190703,2.48
190704,-0.59
190705,-3.62
190706,-0.36
190707,-3.23
190708,-0.98
190709,-4.65
190710,-4.4
190711,0.54
190712,2.92
190801,1.73
190802,-3.29
190803,2.5
190804,-4.03
190805,-4.49
190806,-0.38
190807,-3.89
190808,-0.28
190809,-1.53
190810,-0.76
190811,-5.71
190812,0.08
190901,7.54
190902,1.32
190903,-4.03
190904,-4.25
190905,-3.51
190906,-2.08
190907,-0.27
190908,-0.85
190909,-3.22
190910,-4.93
190911,-5.63
190912,-1.06
191001,2.88
191002,-1.24
191003,0.98
191004,-2.91
191005,-1.79
191006,-1.35
191007,-2.76
191008,-2.76
191009,-4.42
191010,-2.42
191011,-2.99
191012,-1.3
191101,-4.63
191102,-1.97
191103,-0.74
191104,-3.81
191105,-1.2
191106,-3.93
191107,-0.73
191108,-3.94
191109,-3.1
191110,-3.7
191111,1.52
191112,1.71
191201,-2.48
191202,-4.51
191203,-0.22
191204,-7.71
191205,-3.91
191206,-2.52
191207,-2.65
191208,-0.17
191209,-2.68
191210,-1.39
191211,-1.74
191212,-2.54
191301,0.7
191302,-1.2
191303,0.47
191304,-1.44
191305,-2.01
191306,-2.91
191307,-0.4
191308,0.31
191309,-1.98
191310,-3.36
191311,-1.83
191312,-2.38
191401,-1.95
191402,-3.7
191403,-0.28
191404,-2.92
191405,-2.73
191406,-2.11
191407,-3.17
191408,-1.52
191409,-2
191410,-2.28
191411,-2.81
191412,-2.31
191501,-2.52
191502,-2.26
191503,-5.31
191504,-1.83
191505,-5.77
191506,-2.2
191507,-1.21
191508,-0.68
191509,-3.97
191510,-0.28
191511,-6.22
191512,-5.78
191601,-3.83
191602,-0.43
191603,-4.41
191604,-3.45
191605,-2.49
191606,0.67
191607,-0.16
191608,-2.07
191609,-0.63
191610,-1.13
191611,-2.14
191612,-3.17
191701,-4.98
191702,-5.96
191703,-4.59
191704,-5.57
191705,-5.59
191706,-1.61
191707,-1.48
191708,-2.65
191709,-3.79
191710,-1.01
191711,-5.26
191712,-0.11
191801,-10.24
191802,-3.64
191803,0.07
191804,-2.4
191805,-2.38
191806,-1.41
191807,-0.57
191808,-0.99
191809,-0.86
191810,-1.79
191811,0.15
191812,-1.41
191901,3.17
191902,-2.85
191903,-3.85
191904,-5.05
191905,1.05
191906,0.96
191907,0.15
191908,0.01
191909,-1.7
191910,-0.89
191911,-3.51
191912,-1.58
192001,-3.16
192002,-0.35
192003,3.24
192004,-3.06
192005,-2.47
192006,-0.62
192007,-0.11
192008,1.47
192009,0.63
192010,1.35
192011,-0.2
192012,0.22
192101,-3.3
192102,-1.23
192103,-0.36
192104,-1.09
192105,-0.96
192106,-1.68
192107,0.01
192108,-0.08
192109,-1.57
192110,-1.6
192111,-1.67
192112,-0.79
192201,2.89
192202,0.46
192203,0.33
192204,-3.35
192205,-1.85
192206,1.78
192207,2.44
192208,3.05
192209,-0.04
192210,-0.53
192211,-1.73
192212,-0.22
192301,-1.45
192302,-0.65
192303,-1.51
192304,-1.77
192305,-1.64
192306,0.05
192307,-0.62
192308,-1.37
192309,-0.41
192310,-0.34
192311,0.48
192312,0.11
192401,1.53
192402,-2.92
192403,-2.23
192404,-4.25
192405,-1.92
192406,-2.48
192407,2.15
192408,0.21
192409,-1.15
192410,0.2
192411,-2.26
192412,0.07
192501,-1.28
192502,0.64
192503,0.51
192504,-1.86
192505,-2.67
192506,-0.82
192507,-1.67
192508,0.51
192509,-0.64
192510,-4.88
192511,-5.15
192512,-3.65
192601,-4.95
192602,-4.2
192603,-3.75
192604,-2.65
192605,-3.02
192606,-2.8
192607,-2.2
192608,-1.79
192609,-3.09
192610,-2.84
192611,-1.83
192612,-2.4
192701,-0.44
192702,0.53
192703,-0.52
192704,-3.64
192705,-2.28
192706,-2.39
192707,0.32
192708,-0.18
192709,-2.13
192710,-2.51
192711,-2.64
192712,-0.86
192801,1.49
192802,0.07
192803,0.54
192804,-1.04
192805,-1.6
192806,-1.02
192807,-0.22
192808,-0.56
192809,0.51
192810,-1.64
192811,-0.88
192812,-3.18
192901,-1.89
192902,3.26
192903,-3.73
192904,-4.04
192905,-1.31
192906,-1
192907,1.22
192908,-0.89
192909,0.07
192910,-0.79
192911,-2.21
192912,6.6
193001,3.95
193002,3.33
193003,-0.09
193004,-0.17
193005,0.53
193006,1.67
193007,0.82
193008,0.16
193009,-0.83
193010,-1.57
193011,-2.17
193012,2.09
193101,-2.27
193102,4.46
193103,1.2
193104,1.22
193105,-0.99
193106,-2.26
193107,0.06
193108,0.77
193109,-1.6
193110,-1.41
193111,2.06
193112,0.49
193201,-3.25
193202,4.81
193203,0.85
193204,-2.71
193205,-1.82
193206,-0.51
193207,-0.47
193208,0.24
193209,-2.17
193210,-1.43
193211,-1.1
193212,2.99
193301,5.53
193302,0.94
193303,1.79
193304,-3.02
193305,-0.48
193306,0.53
193307,-0.74
193308,0.65
193309,-0.5
193310,-2.02
193311,-2.93
193312,3.32
193401,0.34
193402,-4.98
193403,1.84
193404,-3.01
193405,-0.08
193406,-0.48
193407,0.55
193408,0.66
193409,2.78
193410,0.28
193411,0.09
193412,2.96
193501,0.16
193502,-4.34
193503,1.49
193504,-1.08
193505,-3.27
193506,-0.8
193507,-1.71
193508,-1.17
193509,-1.97
193510,0.23
193511,2.07
193512,0.14
193601,0.23
193602,-1.99
193603,-3.08
193604,-1.88
193605,-0.75
193606,0.01
193607,-1.41
193608,1.12
193609,-1.75
193610,0.39
193611,2.93
193612,0
193701,6.53
193702,-3.66
193703,-0.36
193704,0.99
193705,0.16
193706,-0.77
193707,0.59
193708,0.32
193709,-0.81
193710,-0.37
193711,1.13
193712,4.12
193801,-1.22
193802,5.49
193803,-2.25
193804,-1.8
193805,-2.01
193806,0.25
193807,0.11
193808,-0.2
193809,-0.82
193810,2.43
193811,0.82
193812,4.92
193901,-1.4
193902,-2.02
193903,0.18
193904,-0.83
193905,-0.69
193906,-3.28
193907,-0.06
193908,0.29
193909,-2.38
193910,-0.67
193911,-4.11
193912,-2.03
194001,1.61
194002,-5.28
194003,-3.29
194004,-5.07
194005,0.43
194006,-2.06
194007,-1.6
194008,-0.1
194009,1.36
194010,0.27
194011,-2.24
194012,2.56
194101,-2.58
194102,-4.62
194103,-0.24
194104,-2.4
194105,-0.91
194106,-1.46
194107,0.72
194108,-0.81
194109,-1.25
194110,-3.2
194111,1.42
194112,-1.63
194201,5.19
194202,1.49
194203,-1.74
194204,-2.98
194205,-1.67
194206,-0.27
194207,-0.33
194208,0.96
194209,-0.65
194210,1.08
194211,-1.04
194212,-0.1
194301,-2.5
194302,-2.78
194303,-1.04
194304,-3.66
194305,-1.51
194306,-0.81
194307,-0.56
194308,-0.65
194309,-1.59
194310,1.07
194311,-3.23
194312,-0.41
194401,-2.83
194402,-1.77
194403,0.6
194404,-5.05
194405,-2.43
194406,-0.8
194407,-1.83
194408,-2.35
194409,-1.71
194410,1.19
194411,-1.89
194412,2.66
194501,-1.73
194502,1.28
194503,-0.31
194504,0.27
194505,-3.62
194506,-3.12
194507,-0.66
194508,-2.72
194509,-1.49
194510,-2.63
194511,-3.58
194512,-0.39
194601,1.34
194602,-5.26
194603,0.3
194604,-3.17
194605,-3.1
194606,-0.82
194607,0.38
194608,-1.15
194609,-0.07
194610,-0.52
194611,-2.81
194612,3.04
194701,6.17
194702,-2.95
194703,-4.21
194704,-4.27
194705,-1.49
194706,-1.52
194707,0.85
194708,-1.36
194709,-2.03
194710,-0.71
194711,-3.02
194712,-2.64
194801,-5.45
194802,-1.6
194803,-0.74
194804,-4.1
194805,-4.22
194806,-2.16
194807,-0.04
194808,-1.78
194809,-1.49
194810,-1.4
194811,-5.86
194812,-2.43
194901,-1.7
194902,2.85
194903,2.13
194904,-4.91
194905,-3.29
194906,-1.05
194907,-1.12
194908,0.05
194909,-1.92
194910,-2.48
194911,1.66
194912,2.48
195001,5.65
195002,-1.48
195003,-0.6
195004,-1.3
195005,-3.02
195006,-2.52
195007,0.33
195008,0.28
195009,0.27
195010,1.3
195011,3
195012,-0.67
195101,-3.76
195102,2.25
195103,-2.06
195104,-2.9
195105,-1.91
195106,-0.72
195107,-1.02
195108,0.13
195109,-1.45
195110,0.43
195111,-4.87
195112,-1.18
195201,-0.33
195202,-3.13
195203,-0.83
195204,-2.25
195205,-0.45
195206,0.08
195207,-0.82
195208,-3.13
195209,-5.11
195210,-3.49
195211,-0.59
195212,2.77
195301,-4.24
195302,-1.45
195303,-8.81
195304,-1.91
195305,1.39
195306,0.35
195307,-2.18
195308,-0.62
195309,-3.08
195310,1.38
195311,7.08
195312,4.88
195401,0.86
195402,0.2
195403,-9.57
195404,-5.6
195405,-1.67
195406,-0.07
195407,-2.02
195408,-1.29
195409,-1.67
195410,1.59
195411,3.03
195412,3.12
195501,-2.14
195502,2.1
195503,2.8
195504,1.2
195505,-4.18
195506,-1.42
195507,-3.15
195508,-0.21
195509,1.05
195510,-3.04
195511,-5.94
195512,-6.86
195601,0.71
195602,3.97
195603,-4.02
195604,-2.35
195605,-6.83
195606,-3.73
195607,-2.37
195608,-1.74
195609,-4.56
195610,-3.97
195611,2.86
195612,9.24
195701,-2.01
195702,-0.21
195703,4.19
195704,-2.52
195705,-2.09
195706,-0.26
195707,-0.24
195708,-1.21
195709,-3.41
195710,2.82
195711,0.96
195712,-4.15
195801,3.05
195802,0.13
195803,-0.75
195804,-2.36
195805,-1.36
195806,-0.21
195807,0.06
195808,-0.43
195809,-1.75
195810,-3.5
195811,-2.65
195812,-0.08
195901,-7.39
195902,-3.81
195903,-2.5
195904,-0.1
195905,0.09
195906,-0.04
195907,-0.96
195908,-1.91
195909,-2.13
195910,2.99
195911,1.62
195912,1.84
196001,4.74
196002,-3.2
196003,0.64
196004,-0.56
196005,1.55
196006,0.09
196007,-0.66
196008,-0.66
196009,-0.04
196010,-1.77
196011,-5.88
196012,-5.42
196101,-0.33
196102,-0.37
196103,1.21
196104,-0.07
196105,-5.07
196106,-1.89
196107,-2.59
196108,-1.21
196109,-2.15
196110,1.11
196111,-0.7
196112,-3.84
196201,-2.85
196202,-3.06
196203,-1.9
196204,-6.62
196205,-7.02
196206,0.14
196207,-1.63
196208,-1.72
196209,-3.44
196210,-2.66
196211,0.98
196212,-2.6
196301,-6.37
196302,-11.98
196303,-3.86
196304,-3.75
196305,-3.85
196306,-1.04
196307,-2.16
196308,-0.51
196309,-3.18
196310,-2.33
196311,-5.21
196312,-3.08
196401,-3.54
196402,-2.43
196403,0.88
196404,-1.82
196405,-2.95
196406,-1.12
196407,-1.18
196408,0.68
196409,-0.94
196410,-5.27
196411,-2.34
196412,0.86
196501,-1.58
196502,3.97
196503,-2.78
196504,-0.34
196505,-0.49
196506,-0.94
196507,-2.79
196508,-0.29
196509,-0.25
196510,0.1
196511,1.31
196512,-1.76
196601,-9.39
196602,-0.6
196603,-4.59
196604,-2.1
196605,-3.7
196606,0.03
196607,-0.51
196608,-1.94
196609,-1.89
196610,-10.01
196611,-8.98
196612,2.43
196701,-6.06
196702,-5.3
196703,-3.17
196704,-1.16
196705,-0.1
196706,-0.1
196707,-0.99
196708,-1.34
196709,-1.08
196710,-2.35
196711,-4.96
196712,-2.45
196801,-5.39
196802,-6.31
196803,-7.91
196804,-3.66
196805,-3.68
196806,-0.39
196807,-1.45
196808,-1.74
196809,-4.93
196810,-8.62
196811,-10.22
196812,-6.24
196901,-3.24
196902,-1.84
196903,-4.04
196904,-8.35
196905,-3.28
196906,-1.68
196907,0.57
196908,0.95
196909,-1.16
196910,2.97
196911,-2.06
196912,-2.15
197001,0.9
197002,-5.94
197003,-0.09
197004,-5.87
197005,-1.35
197006,-0.19
197007,-1.7
197008,-0.61
197009,-0.33
197010,0.12
197011,-5.52
197012,-4.66
197101,-7.09
197102,3.78
197103,-3.61
197104,0.07
197105,-1.76
197106,-1.64
197107,-0.32
197108,-0.97
197109,-0.55
197110,-3.34
197111,-9.54
197112,-3.2
197201,3.79
197202,-4.19
197203,2.62
197204,-7.53
197205,-5.25
197206,-1.29
197207,-1.35
197208,0.07
197209,-0.72
197210,-1.11
197211,5.02
197212,-0.3
197301,2.53
197302,-7.08
197303,-0.31
197304,0.3
197305,-3.04
197306,0.04
197307,-1.44
197308,-0.8
197309,-2.39
197310,-6.12
197311,-7.17
197312,-3.68
197401,5.21
197402,3.23
197403,0.3
197404,-2.44
197405,-2.54
197406,-3.07
197407,-1.81
197408,-0.1
197409,-3.43
197410,-0.69
197411,0.02
197412,5.42
197501,-2.78
197502,-0.91
197503,-5.54
197504,-1.2
197505,-4.44
197506,-2.1
197507,-0.54
197508,-0.38
197509,-3.53
197510,-6.04
197511,-2.84
197512,-2.98
197601,1.42
197602,4.35
197603,7
197604,-2.86
197605,-3.47
197606,2.05
197607,-0.03
197608,0.6
197609,-2.84
197610,-2.32
197611,-8.1
197612,0.29
197701,2.99
197702,-2.23
197703,-5.43
197704,-5.65
197705,-1.82
197706,-4.25
197707,-1.99
197708,-1.45
197709,-4.8
197710,-0.84
197711,-3.93
197712,-0.78
197801,-6.45
197802,-2.03
197803,-2.68
197804,-1.51
197805,0.68
197806,-1.58
197807,-2.48
197808,0.76
197809,-1.19
197810,0.04
197811,-2.3
197812,-2.6
197901,-5.98
197902,-7.37
197903,-2.01
197904,-4.16
197905,-3.91
197906,0.35
197907,3.01
197908,1.3
197909,0.09
197910,2.34
197911,0.57
197912,-0.96
198001,0.26
198002,-1.26
198003,0.68
198004,-0.55
198005,-0.32
198006,-0.45
198007,1.23
198008,0.25
198009,-1.09
198010,-4.5
198011,-8.32
198012,-2.39
198101,-10.51
198102,-4.12
198103,-4.18
198104,-3.1
198105,0.03
198106,1.57
198107,1.89
198108,0.34
198109,-0.15
198110,1.09
198111,-0.61
198112,-7.21
198201,-3.28
198202,-3.69
198203,2.45
198204,-2.32
198205,-2.24
198206,-1.03
198207,-1.25
198208,-1.07
198209,-4.98
198210,0.7
198211,-1.04
198212,-2.19
198301,0.64
198302,-3.02
198303,4.33
198304,-6
198305,-1.45
198306,1.1
198307,0.62
198308,-1.7
198309,-1.66
198310,0.57
198311,-5.66
198312,-4.59
198401,2.04
198402,7.86
198403,-2.61
198404,0.38
198405,0.42
198406,0.35
198407,-1.83
198408,0.65
198409,-0.16
198410,3.12
198411,5
198412,9.03
198501,9.43
198502,3.79
198503,8.03
198504,-2.7
198505,-3.85
198506,-1.46
198507,0.13
198508,-1.71
198509,-0.41
198510,-1.75
198511,-5.66
198512,-0.57
198601,-3.73
198602,-4.84
198603,-1.49
198604,-6.66
198605,-0.21
198606,-0.58
198607,0.55
198608,-0.34
198609,-1.58
198610,2.36
198611,-3.38
198612,-0.88
198701,1.91
198702,-4.91
198703,-3.66
198704,2.52
198705,-0.6
198706,-0.76
198707,-0.14
198708,-0.52
198709,-7.55
198710,-8.06
198711,-14.56
198712,-10.23
198801,-8.81
198802,-0.03
198803,-8.14
198804,-6.46
198805,0.09
198806,-0.29
198807,-0.72
198808,0.13
198809,-4.46
198810,-6.41
198811,-8.22
198812,-7.75
198901,-5.76
198902,-7.73
198903,-9.36
198904,-2.01
198905,0.2
198906,0.19
198907,-1.01
198908,-1.87
198909,-1.98
198910,-4.44
198911,-7.47
198912,-5.01
199001,6.36
199002,3.52
199003,-2.99
199004,-1.82
199005,-0.57
199006,-1.27
199007,-1.61
199008,-1.17
199009,1.44
199010,1.44
199011,-5.97
199012,-1.94
199101,-2.43
199102,-4.43
199103,3.16
199104,-5.71
199105,-0.82
199106,-0.38
199107,-0.4
199108,0.49
199109,-0.17
199110,-3.99
199111,-5.82
199112,-3.79
199201,-5.19
199202,-4.09
199203,-1.03
199204,0.42
199205,0.66
199206,-0.53
199207,1.49
199208,-1.17
199209,-2.35
199210,-6.93
199211,1.62
199212,-5.75
199301,-14.19
199302,-4.36
199303,-7.7
199304,-0.76
199305,2.11
199306,4.46
199307,0.56
199308,0.62
199309,-0.42
199310,-5.25
199311,-0.94
199312,-5.82
199401,-8.05
199402,-4.19
199403,-9.69
199404,-3.35
199405,-2.48
199406,-0.03
199407,-0.49
199408,-1.53
199409,-3.06
199410,-1.63
199411,-4.48
199412,-2.8
199501,-2.67
199502,-2.97
199503,-1.37
199504,3
199505,-1.75
199506,0.31
199507,-0.45
199508,0.11
199509,0.68
199510,0.02
199511,-1.72
199512,-5.83
199601,-0.37
199602,-5.05
199603,0.62
199604,1.91
199605,-1.74
199606,0.47
199607,-1.17
199608,-0.69
199609,-0.68
199610,-3.63
199611,4.11
199612,-6.18
199701,-8.31
199702,-2.98
199703,6.47
199704,-3.21
199705,-0.17
199706,-0.59
199707,-0.2
199708,0.12
199709,-3.34
199710,0.93
199711,-3.64
199712,-2.87
199801,-2.26
199802,-5.02
199803,1.1
199804,-1.48
199805,-4.13
199806,-0.44
199807,-1.54
199808,1.08
199809,0.66
199810,-1.46
199811,2.67
199812,0.3
199901,1.68
199902,-1.38
199903,5.45
199904,2.32
199905,4.65
199906,-0.38
199907,3.27
199908,-0.48
199909,-0.01
199910,-0.85
199911,3.14
199912,0.04
200001,4.5
200002,0.35
200003,1.91
200004,-2.81
200005,-1.09
200006,0.37
200007,-0.44
200008,-1.21
200009,-0.88
200010,1.27
200011,-1.85
200012,1.01
200101,3.01
200102,3.34
200103,-2.02
200104,-2.16
200105,-0.35
200106,1.18
200107,-1.17
200108,1
200109,0.92
200110,-0.87
200111,-4.89
200112,4.54
200201,-0.13
200202,-3.78
200203,-2.92
200204,-4.77
200205,1.2
200206,1.41
200207,1.26
200208,2.27
200209,-0.12
200210,2.35
200211,-2.26
200212,1.7
200301,-5.03
200302,-1.27
200303,-2.36
200304,0.73
200305,-0.2
200306,0.1
200307,1.71
200308,0.38
200309,0.88
200310,-2.93
200311,-1.75
200312,-6.22
200401,-3.17
200402,-4.88
200403,2.9
200404,2.65
200405,0.9
200406,-0.7
200407,-0.81
200408,-0.28
200409,-0.36
200410,-1.64
200411,-6.02
200412,-2.95
200501,3.68
200502,4.19
200503,0.07
200504,0.73
200505,2.99
200506,-1.55
200507,0.87
200508,0.13
200509,-2.59
200510,-1.4
200511,1.34
200512,6.06
200601,14.68
200602,2.89
200603,2.84
200604,11.5
200605,1.27
200606,-1.82
200607,-0.39
200608,-0.85
200609,0.25
200610,-1.41
200611,0.85
200612,-3.88
200701,-2.7
200702,2.9
200703,0.89
200704,1.34
200705,-0.83
200706,-1.98
200707,-0.48
200708,-0.56
200709,0.79
200710,0.85
200711,-1.44
200712,-0.78
200801,-3.2
200802,3.32
200803,-5.54
200804,-2.14
200805,-1.56
200806,-0.21
200807,-0.64
200808,-1.32
200809,0.83
200810,-2.09
200811,4.55
200812,-0.63
200901,1.6
200902,-1.75
200903,-3.68
200904,-7.44
200905,2.73
200906,0.07
200907,-0.48
200908,0.96
200909,0.92
200910,2.72
200911,7.65
200912,3.9
201001,-3.12
201002,-0.86
201003,-1.64
201004,2.07
201005,3.84
201006,0.83
201007,0.27
201008,-2.31
201009,-0.17
201010,-0.13
201011,-5.71
201012,-1.4
201101,-1.68
201102,3.24
201103,1.36
201104,-0.57
201105,0.41
201106,0.63
201107,-1.54
201108,0.67
201109,-0.75
201110,2.2
201111,2.36
201112,2.18
201201,6.03
201202,4.67
201203,5.73
201204,-1.87
201205,0.66
201206,-0.4
201207,-0.37
201208,-0.45
201209,-0.53
201210,0.17
201211,0.88
201212,1.5
201301,5.7
201302,-1.51
201303,-1.68
201304,-3.57
201305,-1.35
201306,-1.7
201307,-0.09
201308,-0.37
201309,4.17
201310,-2.93
201311,-2.44
201312,5.56
201401,4.61
201402,8.27
201403,4.22
201404,2.8
201405,0.95
201406,-1.47
201407,-0.54
201408,0.17
201409,0.57
201410,2.38
201411,-1.15
201412,1.34
201501,5.75
201502,-0.5
201503,3.14
201504,6.01
201505,-6.02
201506,1.07
201507,0.79
201508,0.43
201509,-1.01
201510,3.7
201511,1.17
201512,5.07
201601,7.53
201602,6.46
201603,3.56
201604,-0.16
201605,0.06
201606,0.45
201607,0.69
201608,-0.51
201609,0.76
201610,5.11
201611,9.96
201612,7.82
201701,0.59
201702,2.34
201703,-2.22
201704,0.75
201705,-5.66
201706,-2.03
201707,-1.28
201708,0.4
201709,2.45
201710,4.81
201711,1.72
201712,4.62
201801,4.25
201802,8.82
201803,4.07
201804,-0.47
201805,3.54
201806,1.86
201807,0.01
201808,1.51
201809,0.4
201810,4.43
201811,-2.65
201812,-1.99
201901,-0.76
201902,-2
201903,0.03
201904,2.6
201905,0.78
201906,0.39
201907,0.92
201908,0.27
201909,0.9
201910,2.94
201911,1.33
201912,3.89
202001,-0.33
202002,0.23
202003,-5.7
202004,1.64
202005,1.39
202006,0.64
202007,0.67
202008,1.13
202009,1.23
202010,3.26
202011,3.4
202012,1.35
202101,8.27
202102,9.44
202103,2.41
202104,2.08
202105,-0.6
202106,-0.56
202107,-0.19
202108,1.62
202109,3.57
202110,6.5
202111,4.55
202112,6.69
202201,5.59
202202,6.62
202203,9.53
202204,1.98
202205,1.78
202206,0.15
202207,0.63
202208,0.57
202209,1.16
202210,0.5
202211,0.25
202212,1.17
202301,8.86
202302,7.34
202303,2.46
202304,1.28
202305,-0.98
202306,2.11
202307,-0.39
